"column1	column2	column3	column4	column5	column6	column7"
"1	2	3	4	5	6	"
"1	2	3	4	5	6	"
"1	2	3	4	5	6	"
"1	2	3	4	5	6	"
"1	2	3	4	5	6	"
"1	2	3	4	5	6	"
"1	2	3	4	5	6	"
"1	2	3	4	5	6	"
"1	2	3	4	5	6	"
"1	2	3	4	5	6	"
"1	2	3	4	5	6	"
"1	2	3	4	5	6	"
"1	2	3	4	5	6	"
"1	2	3	4	5	6	"
"1	2	3	4	5	6	"
"1	2	3	4	5	6	"
"1	2	3	4	5	6	"
"1	2	3	4	5	6	"
"1	2	3	4	5	6	"
"1	2	3	4	5	6	"
"1	2	3	4	5	6	"
"1	2	3	4	5	6	"
"1	2	3	4	5	6	"
"1	2	3	4	5	6	"
"1	2	3	4	5	6	"
"1	2	3	4	5	6	"
"1	2	3	4	5	6	"
"1	2	3	4	5	6	"
"1	2	3	4	5	6	"
"1	2	3	4	5	6	"
"1	2	3	4	5	6	"
"1	2	3	4	5	6	"
"1	2	3	4	5	6	"
"1	2	3	4	5	6	"
"1	2	3	4	5	6	"
"1	2	3	4	5	6	"
"1	2	3	4	5	6	"
"1	2	3	4	5	6	"
"1	2	3	4	5	6	"
"1	2	3	4	5	6	"
"1	2	3	4	5	6	"
"1	2	3	4	5	6	"
"1	2	3	4	5	6	"
"1	2	3	4	5	6	"
"1	2	3	4	5	6	"
"1	2	3	4	5	6	"
"1	2	3	4	5	6	"
"1	2	3	4	5	6	"
"1	2	3	4	5	6	"
"1	2	3	4	5	6	"
"1	2	3	4	5	6	"
"1	2	3	4	5	6	"
"1	2	3	4	5	6	"
"1	2	3	4	5	6	"
"1	2	3	4	5	6	"
"1	2	3	4	5	6	"
"1	2	3	4	5	6	"
"1	2	3	4	5	6	"
"1	2	3	4	5	6	"
"1	2	3	4	5	6	"
"1	2	3	4	5	6	"
"1	2	3	4	5	6	"
"1	2	3	4	5	6	"
"1	2	3	4	5	6	"
"1	2	3	4	5	6	"
"1	2	3	4	5	6	"
"1	2	3	4	5	6	"
"1	2	3	4	5	6	"
"1	2	3	4	5	6	"
"1	2	3	4	5	6	"
"1	2	3	4	5	6	"
"1	2	3	4	5	6	"
"1	2	3	4	5	6	"
"1	2	3	4	5	6	"
"1	2	3	4	5	6	"
"1	2	3	4	5	6	"
"1	2	3	4	5	6	"
"1	2	3	4	5	6	"
"1	2	3	4	5	6	"
"1	2	3	4	5	6	"
"1	2	3	4	5	6	"
"1	2	3	4	5	6	"
"1	2	3	4	5	6	"
"1	2	3	4	5	6	"
"1	2	3	4	5	6	"
"1	2	3	4	5	6	"
"1	2	3	4	5	6	"
"1	2	3	4	5	6	"
"1	2	3	4	5	6	"
"1	2	3	4	5	6	"
"1	2	3	4	5	6	"
"1	2	3	4	5	6	"
"1	2	3	4	5	6	"
"1	2	3	4	5	6	"
"1	2	3	4	5	6	"
"1	2	3	4	5	6	"
"1	2	3	4	5	6	"
"1	2	3	4	5	6	"
"1	2	3	4	5	6	"
"1	2	3	4	5	6	"
"1	2	3	4	5	6	"
"1	2	3	4	5	6	"
"1	2	3	4	5	6	"
"1	2	3	4	5	6	"
"1	2	3	4	5	6	"
"1	2	3	4	5	6	"
"1	2	3	4	5	6	"
"1	2	3	4	5	6	"
"1	2	3	4	5	6	"
"1	2	3	4	5	6	"
"1	2	3	4	5	6	"
"1	2	3	4	5	6	"
"1	2	3	4	5	6	"
"1	2	3	4	5	6	"
"1	2	3	4	5	6	"
"1	2	3	4	5	6	"
"1	2	3	4	5	6	"
"1	2	3	4	5	6	"
"1	2	3	4	5	6	"
"1	2	3	4	5	6	"
"1	2	3	4	5	6	"
"1	2	3	4	5	6	"
"1	2	3	4	5	6	"
"1	2	3	4	5	6	"
"1	2	3	4	5	6	"
"1	2	3	4	5	6	"
"1	2	3	4	5	6	"
"1	2	3	4	5	6	"
"1	2	3	4	5	6	"
"1	2	3	4	5	6	"
"1	2	3	4	5	6	"
"1	2	3	4	5	6	"
"1	2	3	4	5	6	"
"1	2	3	4	5	6	"
"1	2	3	4	5	6	"
"1	2	3	4	5	6	"
"1	2	3	4	5	6	"
"1	2	3	4	5	6	"
"1	2	3	4	5	6	"
"1	2	3	4	5	6	"
"1	2	3	4	5	6	"
"1	2	3	4	5	6	"
"1	2	3	4	5	6	"
"1	2	3	4	5	6	"
"1	2	3	4	5	6	"
"1	2	3	4	5	6	"
"1	2	3	4	5	6	"
"1	2	3	4	5	6	"
"1	2	3	4	5	6	"
"1	2	3	4	5	6	"
"1	2	3	4	5	6	"
"1	2	3	4	5	6	"
"1	2	3	4	5	6	"
"1	2	3	4	5	6	"
"1	2	3	4	5	6	"
"1	2	3	4	5	6	"
"1	2	3	4	5	6	"
"1	2	3	4	5	6	"
"1	2	3	4	5	6	"
"1	2	3	4	5	6	"
"1	2	3	4	5	6	"
"1	2	3	4	5	6	"
"1	2	3	4	5	6	"
"1	2	3	4	5	6	"
"1	2	3	4	5	6	"
"1	2	3	4	5	6	"
"1	2	3	4	5	6	"
"1	2	3	4	5	6	"
"1	2	3	4	5	6	"
"1	2	3	4	5	6	"
"1	2	3	4	5	6	"
"1	2	3	4	5	6	"
"1	2	3	4	5	6	"
"1	2	3	4	5	6	"
"1	2	3	4	5	6	"
"1	2	3	4	5	6	"
"1	2	3	4	5	6	"
"1	2	3	4	5	6	"
"1	2	3	4	5	6	"
"1	2	3	4	5	6	"
"1	2	3	4	5	6	"
"1	2	3	4	5	6	"
"1	2	3	4	5	6	"
"1	2	3	4	5	6	"
"1	2	3	4	5	6	"
"1	2	3	4	5	6	"
"1	2	3	4	5	6	"
"1	2	3	4	5	6	"
"1	2	3	4	5	6	"
"1	2	3	4	5	6	"
"1	2	3	4	5	6	"
"1	2	3	4	5	6	"
"1	2	3	4	5	6	"
"1	2	3	4	5	6	"
"1	2	3	4	5	6	"
"1	2	3	4	5	6	"
"1	2	3	4	5	6	"
"1	2	3	4	5	6	"
"1	2	3	4	5	6	"
"1	2	3	4	5	6	"
"1	2	3	4	5	6	"
"1	2	3	4	5	6	"
"1	2	3	4	5	6	"
"1	2	3	4	5	6	"
"1	2	3	4	5	6	"
"1	2	3	4	5	6	"
"1	2	3	4	5	6	"
"1	2	3	4	5	6	"
"1	2	3	4	5	6	"
"1	2	3	4	5	6	"
"1	2	3	4	5	6	"
"1	2	3	4	5	6	"
"1	2	3	4	5	6	"
"1	2	3	4	5	6	"
"1	2	3	4	5	6	"
"1	2	3	4	5	6	"
"1	2	3	4	5	6	"
"1	2	3	4	5	6	"
"1	2	3	4	5	6	"
"1	2	3	4	5	6	"
"1	2	3	4	5	6	"
"1	2	3	4	5	6	"
"1	2	3	4	5	6	"
"1	2	3	4	5	6	"
"1	2	3	4	5	6	"
"1	2	3	4	5	6	"
"1	2	3	4	5	6	"
"1	2	3	4	5	6	"
"1	2	3	4	5	6	"
"1	2	3	4	5	6	"
"1	2	3	4	5	6	"
"1	2	3	4	5	6	"
"1	2	3	4	5	6	"
"1	2	3	4	5	6	"
"1	2	3	4	5	6	"
"1	2	3	4	5	6	"
"1	2	3	4	5	6	"
"1	2	3	4	5	6	"
"1	2	3	4	5	6	"
"1	2	3	4	5	6	"
"1	2	3	4	5	6	"
"1	2	3	4	5	6	"
"1	2	3	4	5	6	"
"1	2	3	4	5	6	"
"1	2	3	4	5	6	"
"1	2	3	4	5	6	"
"1	2	3	4	5	6	"
"1	2	3	4	5	6	"
"1	2	3	4	5	6	"
"1	2	3	4	5	6	"
"1	2	3	4	5	6	"
"1	2	3	4	5	6	"
"1	2	3	4	5	6	"
"1	2	3	4	5	6	"
"1	2	3	4	5	6	"
"1	2	3	4	5	6	"
"1	2	3	4	5	6	"
"1	2	3	4	5	6	"
"1	2	3	4	5	6	"
"1	2	3	4	5	6	"
"1	2	3	4	5	6	"
"1	2	3	4	5	6	"
"1	2	3	4	5	6	"
"1	2	3	4	5	6	"
"1	2	3	4	5	6	"
"1	2	3	4	5	6	"
"1	2	3	4	5	6	"
"1	2	3	4	5	6	"
"1	2	3	4	5	6	"
"1	2	3	4	5	6	"
"1	2	3	4	5	6	"
"1	2	3	4	5	6	"
"1	2	3	4	5	6	"
"1	2	3	4	5	6	"
"1	2	3	4	5	6	"
"1	2	3	4	5	6	"
"1	2	3	4	5	6	"
"1	2	3	4	5	6	"
"1	2	3	4	5	6	"
"1	2	3	4	5	6	"
"1	2	3	4	5	6	"
"1	2	3	4	5	6	"
"1	2	3	4	5	6	"
"1	2	3	4	5	6	"
"1	2	3	4	5	6	"
"1	2	3	4	5	6	"
"1	2	3	4	5	6	"
"1	2	3	4	5	6	"
"1	2	3	4	5	6	"
"1	2	3	4	5	6	"
"1	2	3	4	5	6	"
"1	2	3	4	5	6	"
"1	2	3	4	5	6	"
"1	2	3	4	5	6	"
"1	2	3	4	5	6	"
"1	2	3	4	5	6	"
"1	2	3	4	5	6	"
"1	2	3	4	5	6	"
"1	2	3	4	5	6	"
"1	2	3	4	5	6	"
"1	2	3	4	5	6	"
"1	2	3	4	5	6	"
"1	2	3	4	5	6	"
"1	2	3	4	5	6	"
"1	2	3	4	5	6	"
"1	2	3	4	5	6	"
"1	2	3	4	5	6	"
"1	2	3	4	5	6	"
"1	2	3	4	5	6	"
"1	2	3	4	5	6	"
"1	2	3	4	5	6	"
"1	2	3	4	5	6	"
"1	2	3	4	5	6	"
"1	2	3	4	5	6	"
"1	2	3	4	5	6	"
"1	2	3	4	5	6	"
"1	2	3	4	5	6	"
"1	2	3	4	5	6	"
"1	2	3	4	5	6	"
"1	2	3	4	5	6	"
"1	2	3	4	5	6	"
"1	2	3	4	5	6	"
"1	2	3	4	5	6	"
"1	2	3	4	5	6	"
"1	2	3	4	5	6	"
"1	2	3	4	5	6	"
"1	2	3	4	5	6	"
"1	2	3	4	5	6	"
"1	2	3	4	5	6	"
"1	2	3	4	5	6	"
"1	2	3	4	5	6	"
"1	2	3	4	5	6	"
"1	2	3	4	5	6	"
"1	2	3	4	5	6	"
"1	2	3	4	5	6	"
"1	2	3	4	5	6	"
"1	2	3	4	5	6	"
"1	2	3	4	5	6	"
"1	2	3	4	5	6	"
"1	2	3	4	5	6	"
"1	2	3	4	5	6	"
"1	2	3	4	5	6	"
"1	2	3	4	5	6	"
"1	2	3	4	5	6	"
"1	2	3	4	5	6	"
"1	2	3	4	5	6	"
"1	2	3	4	5	6	"
"1	2	3	4	5	6	"
"1	2	3	4	5	6	"
"1	2	3	4	5	6	"
"1	2	3	4	5	6	"
"1	2	3	4	5	6	"
"1	2	3	4	5	6	"
"1	2	3	4	5	6	"
"1	2	3	4	5	6	"
"1	2	3	4	5	6	"
"1	2	3	4	5	6	"
"1	2	3	4	5	6	"
"1	2	3	4	5	6	"
"1	2	3	4	5	6	"
"1	2	3	4	5	6	"
"1	2	3	4	5	6	"
"1	2	3	4	5	6	"
"1	2	3	4	5	6	"
"1	2	3	4	5	6	"
"1	2	3	4	5	6	"
"1	2	3	4	5	6	"
"1	2	3	4	5	6	"
"1	2	3	4	5	6	"
"1	2	3	4	5	6	"
"1	2	3	4	5	6	"
"1	2	3	4	5	6	"
"1	2	3	4	5	6	"
"1	2	3	4	5	6	"
"1	2	3	4	5	6	"
"1	2	3	4	5	6	"
"1	2	3	4	5	6	"
"1	2	3	4	5	6	"
"1	2	3	4	5	6	"
"1	2	3	4	5	6	"
"1	2	3	4	5	6	"
"1	2	3	4	5	6	"
"1	2	3	4	5	6	"
"1	2	3	4	5	6	"
"1	2	3	4	5	6	"
"1	2	3	4	5	6	"
"1	2	3	4	5	6	"
"1	2	3	4	5	6	"
"1	2	3	4	5	6	"
"1	2	3	4	5	6	"
"1	2	3	4	5	6	"
"1	2	3	4	5	6	"
"1	2	3	4	5	6	"
"1	2	3	4	5	6	"
"1	2	3	4	5	6	"
"1	2	3	4	5	6	"
"1	2	3	4	5	6	"
"1	2	3	4	5	6	"
"1	2	3	4	5	6	"
"1	2	3	4	5	6	"
"1	2	3	4	5	6	"
"1	2	3	4	5	6	"
"1	2	3	4	5	6	"
"1	2	3	4	5	6	"
"1	2	3	4	5	6	"
"1	2	3	4	5	6	"
"1	2	3	4	5	6	"
"1	2	3	4	5	6	"
"1	2	3	4	5	6	"
"1	2	3	4	5	6	"
"1	2	3	4	5	6	"
"1	2	3	4	5	6	"
"1	2	3	4	5	6	"
"1	2	3	4	5	6	"
"1	2	3	4	5	6	"
"1	2	3	4	5	6	"
"1	2	3	4	5	6	"
"1	2	3	4	5	6	"
"1	2	3	4	5	6	"
"1	2	3	4	5	6	"
"1	2	3	4	5	6	"
"1	2	3	4	5	6	"
"1	2	3	4	5	6	"
"1	2	3	4	5	6	"
"1	2	3	4	5	6	"
"1	2	3	4	5	6	"
"1	2	3	4	5	6	"
"1	2	3	4	5	6	"
"1	2	3	4	5	6	"
"1	2	3	4	5	6	"
"1	2	3	4	5	6	"
"1	2	3	4	5	6	"
"1	2	3	4	5	6	"
"1	2	3	4	5	6	"
"1	2	3	4	5	6	"
"1	2	3	4	5	6	"
"1	2	3	4	5	6	"
"1	2	3	4	5	6	"
"1	2	3	4	5	6	"
"1	2	3	4	5	6	"
"1	2	3	4	5	6	"
"1	2	3	4	5	6	"
"1	2	3	4	5	6	"
"1	2	3	4	5	6	"
"1	2	3	4	5	6	"
"1	2	3	4	5	6	"
"1	2	3	4	5	6	"
"1	2	3	4	5	6	"
"1	2	3	4	5	6	"
"1	2	3	4	5	6	"
"1	2	3	4	5	6	"
"1	2	3	4	5	6	"
"1	2	3	4	5	6	"
"1	2	3	4	5	6	"
"1	2	3	4	5	6	"
"1	2	3	4	5	6	"
"1	2	3	4	5	6	"
"1	2	3	4	5	6	"
"1	2	3	4	5	6	"
"1	2	3	4	5	6	"
"1	2	3	4	5	6	"
"1	2	3	4	5	6	"
"1	2	3	4	5	6	"
"1	2	3	4	5	6	"
"1	2	3	4	5	6	"
"1	2	3	4	5	6	"
"1	2	3	4	5	6	"
"1	2	3	4	5	6	"
"1	2	3	4	5	6	"
"1	2	3	4	5	6	"
"1	2	3	4	5	6	"
"1	2	3	4	5	6	"
"1	2	3	4	5	6	"
"1	2	3	4	5	6	"
"1	2	3	4	5	6	"
"1	2	3	4	5	6	"
"1	2	3	4	5	6	"
"1	2	3	4	5	6	"
"1	2	3	4	5	6	"
"1	2	3	4	5	6	"
